Metric,KG+Steer Mean,Act.Only Mean,Mean Δ (A−B),n,t-stat,p-value,p (Bonf.),Cohen's d,Verdict
Empathy Score (Emp),0.00516,0.01,-0.00484,100,-2.6914,0.00835,0.07518,-0.3303,~ n.s.
Formality Score (Frm),0.03034,0.02966,0.00069,100,0.2198,0.82647,1.0,0.0223,~ n.s.
Style Disc. Score,0.0008,0.00083,-3e-05,100,-0.0064,0.99493,1.0,-0.0008,~ n.s.
TTR (Emp),0.86047,0.85958,0.00089,100,0.137,0.89132,1.0,0.0175,~ n.s.
Flesch Ease (Emp),59.49459,56.59318,2.90141,100,1.7705,0.07973,0.71753,0.2475,~ n.s.
Gunning Fog (Emp),10.95276,11.57812,-0.62536,100,-1.6248,0.10738,0.96643,-0.2257,~ n.s.
Response Length (Emp),53.62,59.59,-5.97,100,-2.9492,0.00398,0.03578,-0.3661,✗ AO wins
ROUGE-1 Divergence,0.32918,0.33182,-0.00264,100,-0.2417,0.8095,1.0,-0.027,~ n.s.
Placeholder Leaks,0.0,0.0,0.0,100,,,,0.0,~ n.s.
